{"cameraMode":{"drawMode":0,"name":"Shaded","section":"Shading Mode"},"sceneLighting":true,"audioPlay":false,"sceneViewState":{"showFog":true,"showMaterialUpdate":true,"showSkybox":true,"showFlares":true,"showImageEffects":true,"showParticleSystems":true},"in2DMode":false,"pivot":{"x":-0.9034116864204407,"y":0.3502574861049652,"z":-0.3516232967376709},"rotation":{"x":-0.09752491861581803,"y":0.8687655925750732,"z":-0.18954379856586457,"w":-0.4470008611679077},"size":1.8088126182556153,"orthographic":false}